No,EVE,YEAR,WEEKDAYS,DATE,FLIGHT,FLIGHT_C,V_LENGTH,TIMELINE,FOOTAGE_AREA,POLICE_PRESENCE,SURVEY_BOAT,NO_WS,NO_BOAT,NO_SWIMMER
1,22_E1,2022,Saturday,13-Aug-22,13AUG22_F01,13AUG22_F01_P1,451,202,26992.62,yes,no,1,25,27
2,22_E2,2022,Saturday,13-Aug-22,13AUG22_F01,13AUG22_F01_P1,451,330,26150.39,yes,no,1,26,15
3,22_E3,2022,Saturday,13-Aug-22,13AUG22_F01,13AUG22_F01_P2,451,157,27304.95,yes,no,1,18,0
4,22_E4,2022,Saturday,13-Aug-22,13AUG22_F01,13AUG22_F01_P2,451,317,26075.84,yes,no,1,21,0
5,22_E5,2022,Saturday,13-Aug-22,13AUG22_F01,13AUG22_F01_P2,451,419,27000.52,yes,no,1,21,0
6,22_E6,2022,Saturday,13-Aug-22,13AUG22_F01,13AUG22_F01_P3,451,100,27139.28,yes,no,1,19,0
7,22_E7,2022,Saturday,13-Aug-22,13AUG22_F01,13AUG22_F01_P3,451,200,27204.63,yes,no,1,20,0
8,22_E8,2022,Saturday,13-Aug-22,13AUG22_F01,13AUG22_F01_P3,451,330,26663.05,yes,no,1,20,3
9,22_E9,2022,Saturday,13-Aug-22,13AUG22_F01,13AUG22_F01_P3,451,430,28232.69,yes,no,1,15,3
10,22_E10,2022,Saturday,13-Aug-22,13AUG22_F01,13AUG22_F01_P4,451,130,26958.35,yes,no,1,10,3
11,22_E11,2022,Saturday,13-Aug-22,13AUG22_F02,13AUG22_F02_P1,451,28,28547.83,yes,no,1,13,9
12,22_E12,2022,Saturday,13-Aug-22,13AUG22_F02,13AUG22_F02_P1,451,202,29811.37,yes,no,1,14,7
13,22_E13,2022,Saturday,13-Aug-22,13AUG22_F02,13AUG22_F02_P1,451,244,27008.53,yes,no,1,12,9
14,22_E14,2022,Saturday,13-Aug-22,13AUG22_F02,13AUG22_F02_P1,451,328,26332.88,yes,no,1,13,11
15,22_E15,2022,Saturday,13-Aug-22,13AUG22_F02,13AUG22_F02_P1,451,355,25672.75,yes,no,1,12,8
16,22_E16,2022,Saturday,13-Aug-22,13AUG22_F02,13AUG22_F02_P1,451,415,25694.43,no,no,1,10,6
17,22_E17,2022,Saturday,13-Aug-22,13AUG22_F02,13AUG22_F02_P2,451,16,27160.6,no,no,1,7,6
18,22_E18,2022,Saturday,13-Aug-22,13AUG22_F02,13AUG22_F02_P2,451,124,26466.3,yes,no,1,8,9
19,22_E19,2022,Saturday,13-Aug-22,13AUG22_F02,13AUG22_F02_P2,451,214,30037.25,yes,no,1,10,11
20,22_E20,2022,Saturday,13-Aug-22,13AUG22_F02,13AUG22_F02_P2,451,343,25889.73,yes,no,1,11,0
21,22_E21,2022,Saturday,13-Aug-22,13AUG22_F02,13AUG22_F02_P2,451,416,26278.74,yes,no,1,13,3
22,22_E22,2022,Saturday,13-Aug-22,13AUG22_F02,13AUG22_F02_P3,451,5,28023.14,yes,no,1,14,6
23,22_E23,2022,Saturday,13-Aug-22,13AUG22_F02,13AUG22_F02_P3,451,102,28371.24,yes,no,1,10,6
24,22_E24,2022,Saturday,13-Aug-22,13AUG22_F02,13AUG22_F02_P3,451,224,25707.46,yes,no,1,6,6
25,22_E25,2022,Saturday,13-Aug-22,13AUG22_F02,13AUG22_F02_P3,451,330,30185.91,yes,no,1,7,9
26,22_E26,2022,Saturday,13-Aug-22,13AUG22_F02,13AUG22_F02_P3,451,402,29045.33,yes,no,1,8,6
27,22_E27,2022,Saturday,13-Aug-22,13AUG22_F02,13AUG22_F02_P4,451,3,29446.86,yes,no,1,7,6
28,22_E28,2022,Saturday,13-Aug-22,13AUG22_F03,13AUG22_F03_P1,451,107,20603,no,yes,1,8,2
29,22_E29,2022,Saturday,13-Aug-22,13AUG22_F03,13AUG22_F03_P1,451,153,23565.79,no,yes,1,7,4
30,22_E30,2022,Saturday,13-Aug-22,13AUG22_F03,13AUG22_F03_P1,451,207,27137.17,no,yes,1,8,6
31,22_E31,2022,Saturday,13-Aug-22,13AUG22_F03,13AUG22_F03_P1,451,219,25827.41,no,yes,2,8,4
32,22_E32,2022,Saturday,13-Aug-22,13AUG22_F03,13AUG22_F03_P1,451,256,24985.32,no,yes,2,15,7
33,22_E33,2022,Saturday,13-Aug-22,13AUG22_F03,13AUG22_F03_P1,451,410,22923.92,no,yes,2,17,13
34,22_E34,2022,Saturday,13-Aug-22,13AUG22_F03,13AUG22_F03_P1,451,438,22607.82,no,yes,1,15,14
35,22_E35,2022,Saturday,13-Aug-22,13AUG22_F03,13AUG22_F03_P2,451,130,23322.5,no,yes,1,10,8
36,22_E36,2022,Saturday,13-Aug-22,13AUG22_F03,13AUG22_F03_P2,451,247,21879.6,no,yes,1,16,8
37,22_E37,2022,Saturday,13-Aug-22,13AUG22_F03,13AUG22_F03_P2,451,340,21604.61,no,yes,1,12,6
38,22_E38,2022,Saturday,13-Aug-22,13AUG22_F03,13AUG22_F03_P3,451,317,24185.55,no,yes,1,13,7
39,22_E39,2022,Saturday,13-Aug-22,13AUG22_F03,13AUG22_F03_P3,451,351,23283.34,no,yes,1,11,10
40,22_E40,2022,Saturday,13-Aug-22,13AUG22_F03,13AUG22_F03_P3,451,449,21634.32,no,yes,1,6,11
41,22_E41,2022,Saturday,13-Aug-22,13AUG22_F03,13AUG22_F03_P4,451,33,20617.7,no,yes,1,9,11
42,22_E42,2022,Saturday,13-Aug-22,13AUG22_F04,13AUG22_F04_P1,451,335,22957.32,no,yes,1,14,0
43,22_E43,2022,Saturday,13-Aug-22,13AUG22_F04,13AUG22_F04_P1,451,433,21465.81,no,yes,1,11,2
44,22_E44,2022,Saturday,13-Aug-22,13AUG22_F04,13AUG22_F04_P2,451,26,24640.54,yes,yes,1,11,4
45,22_E45,2022,Saturday,13-Aug-22,13AUG22_F04,13AUG22_F04_P2,451,143,23140.39,yes,yes,1,11,7
46,22_E46,2022,Saturday,13-Aug-22,13AUG22_F04,13AUG22_F04_P2,451,239,23385.6,yes,yes,1,11,10
47,22_E47,2022,Saturday,13-Aug-22,13AUG22_F04,13AUG22_F04_P2,451,447,21810.79,no,yes,1,8,2
48,22_E48,2022,Saturday,13-Aug-22,13AUG22_F04,13AUG22_F04_P3,451,25,22592.36,no,yes,1,8,5
49,22_E49,2022,Saturday,13-Aug-22,13AUG22_F04,13AUG22_F04_P3,451,158,22353.6,no,yes,1,9,4
50,22_E50,2022,Saturday,13-Aug-22,13AUG22_F04,13AUG22_F04_P3,451,356,23847.79,no,yes,1,10,10
51,22_E51,2022,Saturday,13-Aug-22,13AUG22_F04,13AUG22_F04_P3,451,415,23229.3,no,yes,1,10,13
52,22_E52,2022,Saturday,13-Aug-22,13AUG22_F04,13AUG22_F04_P3,451,447,21978.75,no,yes,1,5,13
53,22_E53,2022,Saturday,13-Aug-22,13AUG22_F06,13AUG22_F06_P1,451,13,16984.56,no,yes,1,3,2
54,22_E54,2022,Saturday,13-Aug-22,13AUG22_F06,13AUG22_F06_P1,451,113,23252.11,no,yes,3,4,2
55,22_E55,2022,Saturday,13-Aug-22,13AUG22_F06,13AUG22_F06_P1,451,221,28390.21,no,no,2,1,1
56,22_E56,2022,Saturday,13-Aug-22,13AUG22_F06,13AUG22_F06_P2,451,325,26416.7,no,yes,3,3,5
57,22_E57,2022,Saturday,13-Aug-22,13AUG22_F06,13AUG22_F06_P2,451,341,22698.84,no,yes,4,3,5
58,22_E58,2022,Saturday,13-Aug-22,13AUG22_F06,13AUG22_F06_P2,451,450,32332.66,no,yes,4,3,6
59,22_E59,2022,Saturday,13-Aug-22,13AUG22_F06,13AUG22_F06_P3,451,21,31460.66,no,yes,3,4,9
60,22_E60,2022,Saturday,13-Aug-22,13AUG22_F06,13AUG22_F06_P3,451,126,42667.68,no,yes,4,4,7
61,22_E61,2022,Saturday,13-Aug-22,13AUG22_F06,13AUG22_F06_P3,451,309,38105.45,no,yes,4,4,6
62,22_E62,2022,Saturday,13-Aug-22,13AUG22_F07,13AUG22_F07_P1,451,230,21431.32,no,yes,1,2,0
63,22_E63,2022,Saturday,13-Aug-22,13AUG22_F07,13AUG22_F07_P2,451,115,22064.74,no,yes,2,2,0
64,22_E64,2022,Saturday,13-Aug-22,13AUG22_F08,13AUG22_F08_P2,451,258,23098.56,no,yes,1,2,3
65,22_E65,2022,Saturday,13-Aug-22,13AUG22_F05,13AUG22_F05_P1,451,9,23358.12,no,no,2,9,5
66,22_E66,2022,Saturday,13-Aug-22,13AUG22_F05,13AUG22_F05_P1,451,131,25286.86,no,no,2,13,7
67,22_E67,2022,Saturday,13-Aug-22,13AUG22_F05,13AUG22_F05_P1,451,140,26818.75,no,no,1,11,8
68,22_E68,2022,Saturday,13-Aug-22,13AUG22_F05,13AUG22_F05_P1,451,420,27519.76,no,no,1,9,9
69,22_E69,2022,Saturday,13-Aug-22,13AUG22_F05,13AUG22_F05_P1,451,434,27442.2,no,no,1,9,10
70,22_E70,2022,Saturday,13-Aug-22,13AUG22_F05,13AUG22_F05_P2,451,42,27844.27,no,no,1,8,0
71,22_E71,2022,Saturday,13-Aug-22,13AUG22_F05,13AUG22_F05_P2,451,140,26287.38,no,no,2,9,3
72,22_E72,2022,Saturday,13-Aug-22,13AUG22_F05,13AUG22_F05_P2,451,241,27362.41,no,no,1,6,9
73,22_E73,2022,Saturday,13-Aug-22,13AUG22_F05,13AUG22_F05_P2,451,403,27920.91,no,no,1,6,10
74,22_E74,2022,Saturday,13-Aug-22,13AUG22_F05,13AUG22_F05_P2,451,448,26479.61,no,no,1,4,12
75,22_E75,2022,Saturday,13-Aug-22,13AUG22_F05,13AUG22_F05_P3,451,128,27505.72,no,no,1,6,8
76,22_E76,2022,Saturday,13-Aug-22,13AUG22_F05,13AUG22_F05_P3,451,317,26662.28,no,no,1,4,3
77,22_E77,2022,Saturday,13-Aug-22,13AUG22_F05,13AUG22_F05_P3,451,402,26392.4,no,no,1,3,5
78,22_E78,2022,Saturday,13-Aug-22,13AUG22_F05,13AUG22_F05_P3,451,416,26089.26,no,no,1,3,5
79,22_E79,2022,Saturday,13-Aug-22,13AUG22_F05,13AUG22_F05_P4,451,19,26555.38,no,no,1,5,7
80,22_E80,2022,Sunday,14-Aug-22,14AUG22_F01,14AUG22_F01_P1,451,132,23679.21,no,no,6,23,25
81,22_E81,2022,Sunday,14-Aug-22,14AUG22_F01,14AUG22_F01_P1,451,40,25425.89,no,no,6,18,32
82,22_E82,2022,Sunday,14-Aug-22,14AUG22_F01,14AUG22_F01_P1,451,55,26442.22,no,no,6,20,35
83,22_E83,2022,Sunday,14-Aug-22,14AUG22_F01,14AUG22_F01_P1,451,155,19386.95,no,no,6,22,38
84,22_E84,2022,Sunday,14-Aug-22,14AUG22_F01,14AUG22_F01_P1,451,214,24770.43,no,no,5,21,28
85,22_E85,2022,Sunday,14-Aug-22,14AUG22_F01,14AUG22_F01_P1,451,245,25524.04,no,no,3,21,37
86,22_E86,2022,Sunday,14-Aug-22,14AUG22_F01,14AUG22_F01_P1,451,337,24125.22,no,no,4,24,32
87,22_E87,2022,Sunday,14-Aug-22,14AUG22_F01,14AUG22_F01_P1,451,412,24213.55,no,no,5,17,33
88,22_E88,2022,Sunday,14-Aug-22,14AUG22_F01,14AUG22_F01_P2,451,36,23344.77,no,no,4,21,34
89,22_E89,2022,Sunday,14-Aug-22,14AUG22_F01,14AUG22_F01_P2,451,52,22903.66,no,no,3,17,25
90,22_E90,2022,Sunday,14-Aug-22,14AUG22_F01,14AUG22_F01_P2,451,220,24432.51,no,no,2,17,13
91,22_E91,2022,Sunday,14-Aug-22,14AUG22_F01,14AUG22_F01_P2,451,333,19234.71,no,no,2,14,19
92,22_E92,2022,Sunday,14-Aug-22,14AUG22_F01,14AUG22_F01_P2,451,410,19278.16,no,no,3,16,28
93,22_E93,2022,Sunday,14-Aug-22,14AUG22_F01,14AUG22_F01_P2,451,438,28483.56,no,no,3,18,41
94,22_E94,2022,Sunday,14-Aug-22,14AUG22_F01,14AUG22_F01_P3,451,108,28022.64,no,no,3,17,32
95,22_E95,2022,Sunday,14-Aug-22,14AUG22_F01,14AUG22_F01_P3,451,224,26836.11,no,no,3,21,35
96,22_E96,2022,Sunday,14-Aug-22,14AUG22_F01,14AUG22_F01_P3,451,322,28072.01,no,no,2,24,35
97,22_E97,2022,Sunday,14-Aug-22,14AUG22_F01,14AUG22_F01_P3,451,406,26374.11,no,no,3,22,39
98,22_E98,2022,Sunday,14-Aug-22,14AUG22_F01,14AUG22_F01_P4,107,42,27239.4,no,no,2,19,23
99,22_E99,2022,Sunday,14-Aug-22,14AUG22_F01,14AUG22_F01_P4,57,28,13577.63,no,no,4,11,33
100,22_E100,2022,Sunday,14-Aug-22,14AUG22_F02,14AUG22_F02_P1,451,115,23017.01,no,no,3,21,34
101,22_E101,2022,Sunday,14-Aug-22,14AUG22_F02,14AUG22_F02_P1,451,148,24815.14,no,no,3,21,33
102,22_E102,2022,Sunday,14-Aug-22,14AUG22_F02,14AUG22_F02_P1,451,210,23532.7,no,no,3,20,37
103,22_E103,2022,Sunday,14-Aug-22,14AUG22_F02,14AUG22_F02_P1,451,246,24707.02,no,no,3,20,43
104,22_E104,2022,Sunday,14-Aug-22,14AUG22_F02,14AUG22_F02_P1,451,320,24041.51,no,no,3,17,37
105,22_E105,2022,Sunday,14-Aug-22,14AUG22_F02,14AUG22_F02_P1,451,414,24611.89,no,no,3,20,20
106,22_E106,2022,Sunday,14-Aug-22,14AUG22_F02,14AUG22_F02_P2,451,20,23428.93,no,no,2,17,9
107,22_E107,2022,Sunday,14-Aug-22,14AUG22_F02,14AUG22_F02_P2,451,102,21571.98,no,no,3,20,25
108,22_E108,2022,Sunday,14-Aug-22,14AUG22_F02,14AUG22_F02_P2,451,156,22902.8,no,no,4,20,29
109,22_E109,2022,Sunday,14-Aug-22,14AUG22_F02,14AUG22_F02_P2,451,308,24569.28,no,no,3,20,22
110,22_E110,2022,Sunday,14-Aug-22,14AUG22_F02,14AUG22_F02_P2,451,337,23821.3,no,no,4,19,22
111,22_E111,2022,Sunday,14-Aug-22,14AUG22_F02,14AUG22_F02_P2,451,419,23900.56,no,no,2,17,19
112,22_E112,2022,Sunday,14-Aug-22,14AUG22_F02,14AUG22_F02_P3,451,108,20446.01,no,no,4,22,32
113,22_E113,2022,Sunday,14-Aug-22,14AUG22_F02,14AUG22_F02_P3,451,138,21779.12,no,no,4,24,22
114,22_E114,2022,Sunday,14-Aug-22,14AUG22_F02,14AUG22_F02_P3,451,239,22787.16,no,no,3,19,24
115,22_E115,2022,Sunday,14-Aug-22,14AUG22_F02,14AUG22_F02_P3,451,336,21770.26,no,no,4,22,26
116,22_E116,2022,Sunday,14-Aug-22,14AUG22_F02,14AUG22_F02_P3,451,412,23419.95,no,no,4,23,38
117,22_E117,2022,Sunday,14-Aug-22,14AUG22_F02,14AUG22_F02_P4,451,11,23536.01,no,no,3,20,37
118,22_E118,2022,Sunday,14-Aug-22,14AUG22_F03,14AUG22_F03_P1,451,110,22591.9,no,no,5,8,34
119,22_E119,2022,Sunday,14-Aug-22,14AUG22_F03,14AUG22_F03_P1,451,135,23638.97,no,no,1,5,14
120,22_E120,2022,Sunday,14-Aug-22,14AUG22_F03,14AUG22_F03_P1,451,148,23638.97,no,no,1,5,17
121,22_E121,2022,Sunday,14-Aug-22,14AUG22_F03,14AUG22_F03_P1,451,405,23350.64,no,no,2,12,23
122,22_E122,2022,Sunday,14-Aug-22,14AUG22_F03,14AUG22_F03_P1,451,419,24444.76,no,no,3,12,6
123,22_E123,2022,Sunday,14-Aug-22,14AUG22_F03,14AUG22_F03_P2,451,5,23393.96,no,no,3,8,12
124,22_E124,2022,Sunday,14-Aug-22,14AUG22_F03,14AUG22_F03_P2,451,20,22403.42,no,no,3,7,17
125,22_E125,2022,Sunday,14-Aug-22,14AUG22_F03,14AUG22_F03_P2,451,53,21137.17,no,no,4,16,26
126,22_E126,2022,Sunday,14-Aug-22,14AUG22_F03,14AUG22_F03_P2,451,113,20393.53,no,no,3,7,25
127,22_E127,2022,Sunday,14-Aug-22,14AUG22_F03,14AUG22_F03_P2,451,141,21677.97,no,no,5,11,27
128,22_E128,2022,Sunday,14-Aug-22,14AUG22_F03,14AUG22_F03_P2,451,151,21476.68,yes,no,4,11,25
129,22_E129,2022,Sunday,14-Aug-22,14AUG22_F03,14AUG22_F03_P2,451,221,22041.53,yes,no,4,12,26
130,22_E130,2022,Sunday,14-Aug-22,14AUG22_F03,14AUG22_F03_P2,451,254,22451.75,yes,no,4,11,20
131,22_E131,2022,Sunday,14-Aug-22,14AUG22_F03,14AUG22_F03_P2,451,310,21448.53,yes,no,3,12,24
132,22_E132,2022,Sunday,14-Aug-22,14AUG22_F03,14AUG22_F03_P2,451,354,23864.48,yes,no,3,13,15
133,22_E133,2022,Sunday,14-Aug-22,14AUG22_F03,14AUG22_F03_P2,451,416,21515.24,yes,no,3,12,23
134,22_E134,2022,Sunday,14-Aug-22,14AUG22_F03,14AUG22_F03_P3,451,24,27107.03,yes,no,4,10,15
135,22_E135,2022,Sunday,14-Aug-22,14AUG22_F03,14AUG22_F03_P3,451,106,22947.54,no,no,3,9,20
136,22_E136,2022,Sunday,14-Aug-22,14AUG22_F03,14AUG22_F03_P3,451,152,25388.76,yes,no,3,10,11
137,22_E137,2022,Sunday,14-Aug-22,14AUG22_F03,14AUG22_F03_P3,451,247,24266.09,yes,no,2,10,12
138,22_E138,2022,Sunday,14-Aug-22,14AUG22_F03,14AUG22_F03_P3,451,339,20129.05,yes,no,2,11,9
139,22_E139,2022,Sunday,14-Aug-22,14AUG22_F03,14AUG22_F03_P3,451,420,22156.7,no,no,2,10,5
140,22_E140,2022,Sunday,14-Aug-22,14AUG22_F03,14AUG22_F03_P3,451,437,22600.99,no,no,2,9,6
141,22_E141,2022,Sunday,14-Aug-22,14AUG22_F03,14AUG22_F03_P4,29,20,22345.58,no,no,2,8,9
142,22_E142,2022,Sunday,14-Aug-22,14AUG22_F04,14AUG22_F04_P1,451,108,23996.68,no,yes,1,5,3
143,22_E143,2022,Sunday,14-Aug-22,14AUG22_F04,14AUG22_F04_P1,451,154,20572.64,no,no,1,4,6
144,22_E144,2022,Sunday,14-Aug-22,14AUG22_F04,14AUG22_F04_P1,451,247,21437.48,no,yes,1,5,9
145,22_E145,2022,Sunday,14-Aug-22,14AUG22_F04,14AUG22_F04_P1,451,339,19988.32,no,yes,1,5,9
146,22_E146,2022,Sunday,14-Aug-22,14AUG22_F04,14AUG22_F04_P2,451,334,23675.07,no,yes,1,4,6
147,22_E147,2022,Sunday,14-Aug-22,14AUG22_F04,14AUG22_F04_P2,451,352,20974.37,no,yes,1,3,6
148,22_E148,2022,Sunday,14-Aug-22,14AUG22_F04,14AUG22_F04_P3,451,312,28886.94,no,yes,1,2,3
149,22_E149,2022,Sunday,14-Aug-22,14AUG22_F04,14AUG22_F04_P3,451,417,34515.5,no,yes,1,2,3
150,22_E150,2022,Sunday,14-Aug-22,14AUG22_F05,14AUG22_F05_P1,451,213,40419.79,no,yes,1,2,3
151,22_E151,2022,Sunday,14-Aug-22,14AUG22_F05,14AUG22_F05_P1,451,255,34955.92,no,yes,1,2,3
152,22_E152,2022,Sunday,14-Aug-22,14AUG22_F05,14AUG22_F05_P3,451,115,34927.57,no,no,1,1,3
153,22_E153,2022,Sunday,14-Aug-22,14AUG22_F05,14AUG22_F05_P3,451,133,31215.12,no,no,1,1,3
154,22_E154,2022,Sunday,14-Aug-22,14AUG22_F06,14AUG22_F06_P1,451,44,26412.75,no,no,1,2,3
155,22_E155,2022,Monday,15-Aug-22,15AUG22_F01,15AUG22_F01_P1,451,20,23154.71,no,no,5,2,3
156,22_E156,2022,Monday,15-Aug-22,15AUG22_F01,15AUG22_F01_P1,451,127,22260.95,no,no,5,3,3
157,22_E157,2022,Monday,15-Aug-22,15AUG22_F01,15AUG22_F01_P1,451,205,22767.33,no,no,5,3,7
158,22_E158,2022,Monday,15-Aug-22,15AUG22_F01,15AUG22_F01_P1,451,304,23331.12,no,no,4,3,10
159,22_E159,2022,Monday,15-Aug-22,15AUG22_F01,15AUG22_F01_P2,451,132,22914.63,no,no,4,6,11
160,22_E160,2022,Monday,15-Aug-22,15AUG22_F01,15AUG22_F01_P2,451,158,22987.38,no,no,4,5,9
161,22_E161,2022,Monday,15-Aug-22,15AUG22_F01,15AUG22_F01_P2,451,349,23051.84,no,no,3,9,6
162,22_E162,2022,Monday,15-Aug-22,15AUG22_F01,15AUG22_F01_P2,451,443,22566.19,no,no,3,7,6
163,22_E163,2022,Monday,15-Aug-22,15AUG22_F01,15AUG22_F01_P3,451,121,22375.66,no,no,3,4,5
164,22_E164,2022,Monday,15-Aug-22,15AUG22_F01,15AUG22_F01_P3,451,149,22507.23,no,no,4,5,6
165,22_E165,2022,Monday,15-Aug-22,15AUG22_F01,15AUG22_F01_P3,451,230,22731.41,no,no,3,5,9
166,22_E166,2022,Monday,15-Aug-22,15AUG22_F01,15AUG22_F01_P3,451,428,23468.67,no,no,4,6,12
167,22_E167,2022,Monday,15-Aug-22,15AUG22_F01,15AUG22_F01_P4,451,5,22884.5,no,no,4,10,16
168,22_E168,2022,Monday,15-Aug-22,15AUG22_F01,15AUG22_F01_P4,451,24,23506.17,no,no,5,11,18
169,22_E171,2022,Monday,15-Aug-22,15AUG22_F02,15AUG22_F02_P1,451,50,23721.35,no,yes,1,9,9
170,22_E172,2022,Monday,15-Aug-22,15AUG22_F02,15AUG22_F02_P1,451,120,22556.44,no,yes,1,9,14
171,22_E173,2022,Monday,15-Aug-22,15AUG22_F02,15AUG22_F02_P1,451,224,22589.47,no,no,1,5,9
172,22_E174,2022,Monday,15-Aug-22,15AUG22_F02,15AUG22_F02_P1,451,330,21606.75,no,no,2,9,13
173,22_E175,2022,Monday,15-Aug-22,15AUG22_F02,15AUG22_F02_P1,451,429,22336.7,no,yes,1,6,6
174,22_E176,2022,Monday,15-Aug-22,15AUG22_F02,15AUG22_F02_P2,451,37,24240.64,no,yes,1,5,6
175,22_E177,2022,Monday,15-Aug-22,15AUG22_F02,15AUG22_F02_P2,451,146,21792.28,no,yes,2,6,14
176,22_E178,2022,Monday,15-Aug-22,15AUG22_F02,15AUG22_F02_P2,451,321,22336.5,no,yes,2,9,17
177,22_E179,2022,Monday,15-Aug-22,15AUG22_F02,15AUG22_F02_P2,451,417,22057.22,no,yes,3,17,20
178,22_E180,2022,Monday,15-Aug-22,15AUG22_F02,15AUG22_F02_P3,451,10,21236.41,no,yes,2,13,26
179,22_E181,2022,Monday,15-Aug-22,15AUG22_F02,15AUG22_F02_P3,451,43,22592.35,no,yes,3,19,21
180,22_E182,2022,Monday,15-Aug-22,15AUG22_F02,15AUG22_F02_P3,451,144,20959.34,no,yes,4,16,35
181,22_E183,2022,Monday,15-Aug-22,15AUG22_F02,15AUG22_F02_P3,451,219,22708.85,no,yes,4,22,32
182,22_E184,2022,Monday,15-Aug-22,15AUG22_F02,15AUG22_F02_P3,451,249,23248.16,no,yes,3,19,34
183,22_E185,2022,Monday,15-Aug-22,15AUG22_F02,15AUG22_F02_P3,451,404,21585.41,no,yes,1,18,16
184,22_E186,2022,Monday,15-Aug-22,15AUG22_F02,15AUG22_F02_P3,451,421,20826.35,no,yes,1,15,17
185,22_E187,2022,Monday,15-Aug-22,15AUG22_F02,15AUG22_F02_P3,451,437,22879.02,no,yes,1,11,17
186,22_E188,2022,Monday,15-Aug-22,15AUG22_F02,15AUG22_F02_P5,29,10,25784.19,no,yes,2,19,15
187,22_E189,2022,Monday,15-Aug-22,15AUG22_F03,15AUG22_F03_P1,451,56,55961.16,no,yes,2,19,16
188,22_E190,2022,Monday,15-Aug-22,15AUG22_F03,15AUG22_F03_P1,451,148,50281.35,no,no,2,17,9
189,22_E191,2022,Monday,15-Aug-22,15AUG22_F03,15AUG22_F03_P1,451,219,43388.53,no,no,2,21,17
190,22_E192,2022,Monday,15-Aug-22,15AUG22_F03,15AUG22_F03_P1,451,259,56177.3,no,no,2,21,16
191,22_E193,2022,Monday,15-Aug-22,15AUG22_F03,15AUG22_F03_P1,451,351,52558.89,no,no,1,24,18
192,22_E194,2022,Monday,15-Aug-22,15AUG22_F04,15AUG22_F04_P1,451,19,29840.11,no,no,1,22,24
193,22_E195,2022,Monday,15-Aug-22,15AUG22_F04,15AUG22_F04_P1,451,58,51405.49,no,no,1,21,22
194,22_E196,2022,Monday,15-Aug-22,15AUG22_F04,15AUG22_F04_P1,451,158,23878.17,no,yes,1,20,25
195,22_E197,2022,Monday,15-Aug-22,15AUG22_F04,15AUG22_F04_P1,451,220,25227.99,no,yes,1,17,27
196,22_E198,2022,Monday,15-Aug-22,15AUG22_F04,15AUG22_F04_P1,451,235,31631.36,no,yes,1,18,27
197,22_E199,2022,Monday,15-Aug-22,15AUG22_F04,15AUG22_F04_P1,451,327,36045.61,no,yes,1,18,37
198,22_E200,2022,Monday,15-Aug-22,15AUG22_F04,15AUG22_F04_P1,451,445,37787.69,no,yes,1,18,15
199,22_E201,2022,Monday,15-Aug-22,15AUG22_F04,15AUG22_F04_P2,451,15,38269.37,no,yes,1,18,18
200,22_E202,2022,Monday,15-Aug-22,15AUG22_F04,15AUG22_F04_P2,451,105,51894.45,no,yes,1,16,24
201,22_E203,2022,Monday,15-Aug-22,15AUG22_F04,15AUG22_F04_P2,451,209,42120.71,no,yes,1,16,18
202,22_E204,2022,Monday,15-Aug-22,15AUG22_F04,15AUG22_F04_P2,451,255,42902.41,no,yes,1,21,18
203,22_E205,2022,Monday,15-Aug-22,15AUG22_F04,15AUG22_F04_P2,451,329,67561.37,no,yes,1,25,18
204,22_E206,2022,Monday,15-Aug-22,15AUG22_F04,15AUG22_F04_P2,451,427,35383.64,no,no,1,22,18
205,22_E207,2022,Monday,15-Aug-22,15AUG22_F04,15AUG22_F04_P3,451,17,64966.55,no,no,2,18,24
206,22_E208,2022,Monday,15-Aug-22,15AUG22_F04,15AUG22_F04_P3,451,116,71707.66,no,no,3,24,33
207,22_E209,2022,Monday,15-Aug-22,15AUG22_F04,15AUG22_F04_P3,451,134,87074.14,no,no,3,24,39
208,22_E210,2022,Monday,15-Aug-22,15AUG22_F04,15AUG22_F04_P3,451,207,50325.58,no,no,3,29,55
209,22_E211,2022,Monday,15-Aug-22,15AUG22_F04,15AUG22_F04_P3,451,308,52309.11,no,no,2,30,51
210,22_E212,2022,Monday,15-Aug-22,15AUG22_F04,15AUG22_F04_P3,451,437,118224.13,no,no,2,29,15
211,22_E213,2022,Monday,15-Aug-22,15AUG22_F05,15AUG22_F05_P1,451,7,26397.06,yes,no,2,22,39
212,22_E214,2022,Monday,15-Aug-22,15AUG22_F05,15AUG22_F05_P1,451,54,27457.49,yes,no,2,22,27
213,22_E215,2022,Monday,15-Aug-22,15AUG22_F05,15AUG22_F05_P1,451,131,27128.66,yes,no,2,22,19
214,22_E216,2022,Monday,15-Aug-22,15AUG22_F05,15AUG22_F05_P1,451,217,24286.64,yes,yes,1,21,14
215,22_E217,2022,Monday,15-Aug-22,15AUG22_F05,15AUG22_F05_P1,451,252,22458.65,yes,no,1,17,18
216,22_E218,2022,Monday,15-Aug-22,15AUG22_F05,15AUG22_F05_P1,451,324,27661.54,no,no,1,17,19
217,22_E219,2022,Monday,15-Aug-22,15AUG22_F05,15AUG22_F05_P1,451,436,27108.51,no,no,1,19,12
218,22_E220,2022,Monday,15-Aug-22,15AUG22_F05,15AUG22_F05_P2,451,17,27537.07,no,no,1,16,14
219,22_E221,2022,Monday,15-Aug-22,15AUG22_F05,15AUG22_F05_P2,451,51,25735.83,no,no,1,15,18
220,22_E222,2022,Monday,15-Aug-22,15AUG22_F05,15AUG22_F05_P2,451,150,28400.63,no,no,2,19,24
221,22_E223,2022,Monday,15-Aug-22,15AUG22_F05,15AUG22_F05_P2,451,220,29992.23,no,no,2,20,29
222,22_E224,2022,Monday,15-Aug-22,15AUG22_F05,15AUG22_F05_P2,451,314,26332.81,no,no,2,27,30
223,22_E225,2022,Monday,15-Aug-22,15AUG22_F05,15AUG22_F05_P2,451,438,28060.97,no,no,2,17,24
224,22_E226,2022,Monday,15-Aug-22,15AUG22_F05,15AUG22_F05_P3,451,50,30898.13,no,no,2,21,37
225,22_E227,2022,Monday,15-Aug-22,15AUG22_F05,15AUG22_F05_P3,451,119,28219.8,no,no,2,24,38
226,22_E228,2022,Monday,15-Aug-22,15AUG22_F05,15AUG22_F05_P3,451,214,30153.76,no,no,2,33,33
227,22_E229,2022,Monday,15-Aug-22,15AUG22_F05,15AUG22_F05_P3,451,322,25320.41,no,no,1,18,23
228,22_E230,2022,Monday,15-Aug-22,15AUG22_F05,15AUG22_F05_P3,451,416,25983.42,no,no,1,18,23
229,22_E231,2022,Monday,15-Aug-22,15AUG22_F05,15AUG22_F05_P4,28,15,26655.27,no,no,1,20,24
230,22_E232,2022,Monday,15-Aug-22,15AUG22_F06,15AUG22_F06_P1,451,31,21885.81,no,yes,1,11,19
231,22_E233,2022,Monday,15-Aug-22,15AUG22_F06,15AUG22_F06_P1,451,205,26128.52,no,no,2,21,19
232,22_E234,2022,Monday,15-Aug-22,15AUG22_F06,15AUG22_F06_P1,451,340,19926.54,no,no,1,14,12
233,22_E235,2022,Monday,15-Aug-22,15AUG22_F06,15AUG22_F06_P2,451,357,18064.49,no,no,1,8,3
234,22_E236,2022,Monday,15-Aug-22,15AUG22_F06,15AUG22_F06_P2,451,421,17696.94,no,no,1,7,7
235,22_E237,2022,Monday,15-Aug-22,15AUG22_F06,15AUG22_F06_P2,451,434,17360.2,no,no,1,3,9
236,22_E238,2022,Monday,15-Aug-22,15AUG22_F06,15AUG22_F06_P3,451,41,20153.17,no,no,1,6,6
237,22_E239,2022,Monday,15-Aug-22,15AUG22_F06,15AUG22_F06_P3,451,136,19993.83,no,no,1,11,6
238,22_E240,2022,Monday,15-Aug-22,15AUG22_F06,15AUG22_F06_P3,451,247,18989.4,no,no,2,12,12
239,22_E241,2022,Monday,15-Aug-22,15AUG22_F06,15AUG22_F06_P3,451,352,23784.65,no,no,2,11,18
240,22_E242,2022,Monday,15-Aug-22,15AUG22_F06,15AUG22_F06_P3,451,449,22448.69,no,no,2,8,18
241,22_E243,2022,Monday,15-Aug-22,15AUG22_F07,15AUG22_F07_P3,451,14,31835.68,no,no,2,13,12
242,22_E244,2022,Monday,15-Aug-22,15AUG22_F07,15AUG22_F07_P3,451,201,54838.28,no,no,2,10,9
243,22_E245,2022,Monday,15-Aug-22,15AUG22_F07,15AUG22_F07_P3,451,251,49100.04,no,no,2,10,8
244,22_E246,2022,Monday,15-Aug-22,15AUG22_F07,15AUG22_F07_P3,451,425,34666.34,no,no,2,10,9
245,22_E247,2022,Monday,15-Aug-22,15AUG22_F07,15AUG22_F07_P4,29,8,53780.57,no,no,4,15,15
246,22_E248,2022,Monday,15-Aug-22,15AUG22_F08,15AUG22_F08_P4,28,10,122703.02,no,yes,5,12,12
247,22_E249,2022,Monday,15-Aug-22,15AUG22_F09,15AUG22_F09_P1,451,157,16096.87,no,no,3,2,6
248,22_E250,2022,Monday,15-Aug-22,15AUG22_F09,15AUG22_F09_P1,451,432,29707.61,no,no,4,2,6
249,22_E251,2022,Monday,15-Aug-22,15AUG22_F09,15AUG22_F09_P2,451,42,26400.17,no,no,4,3,6
250,22_E252,2022,Monday,15-Aug-22,15AUG22_F09,15AUG22_F09_P2,451,419,26817.63,no,no,2,2,1
251,22_E253,2022,Monday,15-Aug-22,15AUG22_F09,15AUG22_F09_P3,451,227,29743.5,no,no,2,2,2
252,22_E254,2022,Monday,15-Aug-22,15AUG22_F09,15AUG22_F09_P4,451,13,29595.55,no,no,2,2,2
253,22_E255,2022,Tuesday,16-Aug-22,16AUG22_F01,16AUG22_F01_P1,451,30,27620.53,no,no,2,7,9
254,22_E256,2022,Tuesday,16-Aug-22,16AUG22_F01,16AUG22_F01_P1,451,56,27257.14,no,no,3,7,15
255,22_E257,2022,Tuesday,16-Aug-22,16AUG22_F01,16AUG22_F01_P1,451,221,18286,no,no,5,6,15
256,22_E258,2022,Tuesday,16-Aug-22,16AUG22_F01,16AUG22_F01_P1,451,444,32697.96,no,no,5,7,12
257,22_E259,2022,Tuesday,16-Aug-22,16AUG22_F01,16AUG22_F01_P2,451,116,21805.3,no,yes,4,7,14
258,22_E260,2022,Tuesday,16-Aug-22,16AUG22_F01,16AUG22_F01_P2,451,222,23410.12,no,no,2,5,9
259,22_E261,2022,Tuesday,16-Aug-22,16AUG22_F01,16AUG22_F01_P2,451,302,23819.94,no,no,3,6,17
260,22_E262,2022,Tuesday,16-Aug-22,16AUG22_F01,16AUG22_F01_P2,451,417,29620.59,no,no,3,7,24
261,22_E263,2022,Tuesday,16-Aug-22,16AUG22_F01,16AUG22_F01_P2,451,447,23806.81,no,no,5,11,18
262,22_E264,2022,Tuesday,16-Aug-22,16AUG22_F01,16AUG22_F01_P3,451,21,25153.56,no,no,3,12,27
263,22_E265,2022,Tuesday,16-Aug-22,16AUG22_F01,16AUG22_F01_P3,451,115,24065.72,no,no,6,9,17
264,22_E266,2022,Tuesday,16-Aug-22,16AUG22_F01,16AUG22_F01_P3,451,232,25462.12,no,no,8,13,12
265,22_E267,2022,Tuesday,16-Aug-22,16AUG22_F01,16AUG22_F01_P3,451,322,23531.8,no,no,4,13,22
266,22_E268,2022,Tuesday,16-Aug-22,16AUG22_F01,16AUG22_F01_P3,451,420,23201.8,no,no,5,14,16
267,22_E269,2022,Tuesday,16-Aug-22,16AUG22_F01,16AUG22_F01_P4,29,13,23983.72,no,no,7,10,22
268,22_E270,2022,Tuesday,16-Aug-22,16AUG22_F01,16AUG22_F01_P4,29,27,25838.54,no,no,7,11,20
269,22_E271,2022,Tuesday,16-Aug-22,16AUG22_F02,16AUG22_F02_P1,451,5,30665.46,no,no,2,8,15
270,22_E272,2022,Tuesday,16-Aug-22,16AUG22_F02,16AUG22_F02_P1,451,38,31891.45,no,no,3,8,15
271,22_E273,2022,Tuesday,16-Aug-22,16AUG22_F02,16AUG22_F02_P1,451,128,29341.78,no,no,4,5,12
272,22_E274,2022,Tuesday,16-Aug-22,16AUG22_F02,16AUG22_F02_P1,451,220,29660.09,no,no,3,10,12
273,22_E275,2022,Tuesday,16-Aug-22,16AUG22_F02,16AUG22_F02_P1,451,340,29785.59,no,no,3,13,18
274,22_E276,2022,Tuesday,16-Aug-22,16AUG22_F02,16AUG22_F02_P1,451,409,33168.41,no,no,3,12,18
275,22_E277,2022,Tuesday,16-Aug-22,16AUG22_F02,16AUG22_F02_P2,451,21,34856.81,no,no,3,12,24
276,22_E278,2022,Tuesday,16-Aug-22,16AUG22_F02,16AUG22_F02_P2,451,57,31894.27,no,no,3,10,21
277,22_E279,2022,Tuesday,16-Aug-22,16AUG22_F02,16AUG22_F02_P2,451,152,29877.14,no,no,3,4,6
278,22_E280,2022,Tuesday,16-Aug-22,16AUG22_F02,16AUG22_F02_P2,451,339,30618.02,no,no,2,3,3
279,22_E281,2022,Tuesday,16-Aug-22,16AUG22_F02,16AUG22_F02_P2,451,440,32728.22,no,no,2,9,21
280,22_E282,2022,Tuesday,16-Aug-22,16AUG22_F02,16AUG22_F02_P3,451,31,30037.6,no,no,2,11,18
281,22_E283,2022,Tuesday,16-Aug-22,16AUG22_F02,16AUG22_F02_P3,451,146,28293.83,no,no,2,9,12
282,22_E284,2022,Tuesday,16-Aug-22,16AUG22_F02,16AUG22_F02_P3,451,249,28303.08,no,no,3,13,9
283,22_E285,2022,Tuesday,16-Aug-22,16AUG22_F02,16AUG22_F02_P3,451,321,25038.46,no,no,3,13,17
284,22_E286,2022,Tuesday,16-Aug-22,16AUG22_F02,16AUG22_F02_P4,29,14,26792.52,no,yes,2,12,21
285,22_E287,2022,Tuesday,16-Aug-22,16AUG22_F03,16AUG22_F03_P1,451,139,26476.87,no,no,2,7,14
286,22_E288,2022,Tuesday,16-Aug-22,16AUG22_F03,16AUG22_F03_P1,451,211,26782.24,no,no,2,7,15
287,22_E289,2022,Tuesday,16-Aug-22,16AUG22_F03,16AUG22_F03_P1,451,248,23174.89,no,no,2,6,15
288,22_E290,2022,Tuesday,16-Aug-22,16AUG22_F03,16AUG22_F03_P1,451,438,26546.84,no,no,2,7,3
289,22_E291,2022,Tuesday,16-Aug-22,16AUG22_F03,16AUG22_F03_P2,429,36,26673.01,no,yes,1,7,9
290,22_E292,2022,Tuesday,16-Aug-22,16AUG22_F03,16AUG22_F03_P2,429,107,23504.29,no,yes,1,7,9
291,22_E293,2022,Tuesday,16-Aug-22,16AUG22_F03,16AUG22_F03_P2,429,330,23822.18,no,no,1,8,13
292,22_E294,2022,Tuesday,16-Aug-22,16AUG22_F04,16AUG22_F04_P1,451,12,25366.88,no,no,2,15,11
293,22_E295,2022,Tuesday,16-Aug-22,16AUG22_F04,16AUG22_F04_P1,451,111,25595.21,no,no,2,12,24
294,22_E296,2022,Tuesday,16-Aug-22,16AUG22_F04,16AUG22_F04_P1,451,225,26841.54,no,no,2,12,24
295,22_E297,2022,Tuesday,16-Aug-22,16AUG22_F04,16AUG22_F04_P1,451,328,18459.34,no,yes,1,14,18
296,22_E298,2022,Tuesday,16-Aug-22,16AUG22_F04,16AUG22_F04_P2,451,5,17891.69,no,yes,2,18,21
297,22_E299,2022,Tuesday,16-Aug-22,16AUG22_F04,16AUG22_F04_P2,451,49,18131.18,no,yes,1,16,15
298,22_E300,2022,Tuesday,16-Aug-22,16AUG22_F04,16AUG22_F04_P2,451,126,19917.22,no,yes,1,11,16
299,22_E301,2022,Tuesday,16-Aug-22,16AUG22_F04,16AUG22_F04_P2,451,229,17363.98,no,yes,3,14,25
300,22_E302,2022,Tuesday,16-Aug-22,16AUG22_F04,16AUG22_F04_P2,451,351,17468.51,no,yes,3,20,19
301,22_E303,2022,Tuesday,16-Aug-22,16AUG22_F04,16AUG22_F04_P2,451,421,27443.01,no,no,3,16,21
302,22_E304,2022,Tuesday,16-Aug-22,16AUG22_F04,16AUG22_F04_P3,451,22,26020.42,no,no,2,11,12
303,22_E305,2022,Tuesday,16-Aug-22,16AUG22_F04,16AUG22_F04_P3,451,59,26981.23,no,no,2,12,12
304,22_E306,2022,Tuesday,16-Aug-22,16AUG22_F04,16AUG22_F04_P3,451,216,27141.99,no,no,2,8,6
305,22_E307,2022,Tuesday,16-Aug-22,16AUG22_F04,16AUG22_F04_P3,451,308,26799.85,yes,no,2,12,13
306,22_E308,2022,Tuesday,16-Aug-22,16AUG22_F04,16AUG22_F04_P3,451,354,28292.82,no,no,3,14,17
307,22_E309,2022,Tuesday,16-Aug-22,16AUG22_F04,16AUG22_F04_P3,451,444,26237.45,no,no,2,17,4
308,22_E310,2022,Tuesday,16-Aug-22,16AUG22_F04,16AUG22_F04_P4,31,8,25561.1,no,no,2,16,4
309,22_E311,2022,Tuesday,16-Aug-22,16AUG22_F05,16AUG22_F05_P1,451,21,25895.61,no,no,2,5,3
310,22_E312,2022,Tuesday,16-Aug-22,16AUG22_F05,16AUG22_F05_P1,451,134,22882.32,no,yes,2,6,3
311,22_E313,2022,Tuesday,16-Aug-22,16AUG22_F05,16AUG22_F05_P1,451,242,24550.16,no,yes,1,8,5
312,22_E314,2022,Tuesday,16-Aug-22,16AUG22_F05,16AUG22_F05_P1,451,433,17031.37,no,yes,3,6,9
313,22_E315,2022,Tuesday,16-Aug-22,16AUG22_F05,16AUG22_F05_P2,451,54,24383.61,no,yes,2,6,6
314,22_E316,2022,Tuesday,16-Aug-22,16AUG22_F05,16AUG22_F05_P2,451,204,36965.91,no,yes,3,7,9
315,22_E317,2022,Tuesday,16-Aug-22,16AUG22_F05,16AUG22_F05_P2,451,446,41755.52,no,yes,4,7,12
316,22_E318,2022,Tuesday,16-Aug-22,16AUG22_F05,16AUG22_F05_P3,451,110,39998.26,no,no,2,7,12
317,22_E319,2022,Tuesday,16-Aug-22,16AUG22_F05,16AUG22_F05_P3,451,146,27475.36,no,no,3,7,15
318,22_E320,2022,Tuesday,16-Aug-22,16AUG22_F05,16AUG22_F05_P3,451,431,24614.31,no,no,3,4,3
319,22_E321,2022,Tuesday,16-Aug-22,16AUG22_F06,16AUG22_F06_P1,451,234,30403.96,no,no,2,6,9
320,22_E322,2022,Tuesday,16-Aug-22,16AUG22_F06,16AUG22_F06_P1,451,419,38440.78,no,no,2,5,9
321,22_E323,2022,Tuesday,16-Aug-22,16AUG22_F06,16AUG22_F06_P2,451,116,58191.92,no,no,2,5,9
322,22_E324,2022,Tuesday,16-Aug-22,16AUG22_F06,16AUG22_F06_P2,451,350,42368.83,no,no,3,7,9
323,22_E325,2022,Tuesday,16-Aug-22,16AUG22_F06,16AUG22_F06_P3,451,100,52820.05,no,no,1,5,9
324,22_E326,2022,Tuesday,16-Aug-22,16AUG22_F06,16AUG22_F06_P3,451,314,42171.34,no,no,2,5,6
325,22_E327,2022,Tuesday,16-Aug-22,16AUG22_F07,16AUG22_F07_P1,451,104,30612.86,no,no,1,1,3
326,22_E328,2022,Tuesday,16-Aug-22,16AUG22_F07,16AUG22_F07_P1,451,346,64587.25,yes,no,2,4,3
327,22_E329,2022,Tuesday,16-Aug-22,16AUG22_F07,16AUG22_F07_P2,451,136,48176.93,yes,no,2,3,6
328,22_E330,2022,Tuesday,16-Aug-22,16AUG22_F07,16AUG22_F07_P2,451,312,42528.6,yes,no,3,3,6
329,22_E331,2022,Tuesday,16-Aug-22,16AUG22_F07,16AUG22_F07_P2,451,423,46985.96,yes,no,3,3,6
330,22_E332,2022,Tuesday,16-Aug-22,16AUG22_F07,16AUG22_F07_P4,28,12,37816.52,no,no,2,1,0
331,22_E333,2022,Wednesday,17-Aug-22,17AUG22_F01,17AUG22_F01_P1,451,25,26835.42,no,no,1,17,12
332,22_E334,2022,Wednesday,17-Aug-22,17AUG22_F01,17AUG22_F01_P1,451,139,27431.34,no,yes,1,7,3
333,22_E335,2022,Wednesday,17-Aug-22,17AUG22_F01,17AUG22_F01_P1,451,255,26853.2,no,yes,1,7,12
334,22_E336,2022,Wednesday,17-Aug-22,17AUG22_F01,17AUG22_F01_P1,451,347,23747.35,no,yes,1,8,12
335,22_E337,2022,Wednesday,17-Aug-22,17AUG22_F01,17AUG22_F01_P2,451,19,28192.03,no,no,1,3,12
336,22_E338,2022,Wednesday,17-Aug-22,17AUG22_F01,17AUG22_F01_P2,451,38,28403.34,no,no,1,3,6
337,22_E339,2022,Wednesday,17-Aug-22,17AUG22_F01,17AUG22_F01_P2,451,123,27976.2,no,no,1,3,9
338,22_E340,2022,Wednesday,17-Aug-22,17AUG22_F01,17AUG22_F01_P2,451,235,22946.67,no,no,1,5,9
339,22_E341,2022,Wednesday,17-Aug-22,17AUG22_F01,17AUG22_F01_P2,451,329,21879.84,no,no,1,6,12
340,22_E342,2022,Wednesday,17-Aug-22,17AUG22_F01,17AUG22_F01_P3,451,13,29714.29,no,no,1,4,6
341,22_E343,2022,Wednesday,17-Aug-22,17AUG22_F01,17AUG22_F01_P3,451,158,26951.43,no,no,1,5,9
342,22_E344,2022,Wednesday,17-Aug-22,17AUG22_F01,17AUG22_F01_P3,451,246,26458.5,no,no,1,5,9
343,22_E345,2022,Wednesday,17-Aug-22,17AUG22_F01,17AUG22_F01_P3,451,415,26235.88,no,no,1,8,21
344,22_E346,2022,Wednesday,17-Aug-22,17AUG22_F01,17AUG22_F01_P4,54,27,24907.96,no,no,1,11,5
345,22_E348,2022,Wednesday,17-Aug-22,17AUG22_F02,17AUG22_F02_P1,304,12,20575.42,no,no,1,9,6
346,22_E349,2022,Wednesday,17-Aug-22,17AUG22_F02,17AUG22_F02_P1,304,35,21406.48,no,no,1,8,9
347,22_E350,2022,Wednesday,17-Aug-22,17AUG22_F02,17AUG22_F02_P2,451,13,25795.98,no,no,1,7,15
348,22_E351,2022,Wednesday,17-Aug-22,17AUG22_F02,17AUG22_F02_P2,451,45,25257.21,no,no,1,6,15
349,22_E352,2022,Wednesday,17-Aug-22,17AUG22_F02,17AUG22_F02_P2,451,224,24428.01,no,no,1,7,9
350,22_E353,2022,Wednesday,17-Aug-22,17AUG22_F02,17AUG22_F02_P2,451,401,24357.1,no,no,1,9,9
351,22_E354,2022,Wednesday,17-Aug-22,17AUG22_F02,17AUG22_F02_P2,451,440,25281.71,no,no,1,10,12
352,22_E355,2022,Wednesday,17-Aug-22,17AUG22_F02,17AUG22_F02_P3,451,21,23607.16,no,no,1,8,8
353,22_E356,2022,Wednesday,17-Aug-22,17AUG22_F02,17AUG22_F02_P3,451,152,20150.52,no,no,1,9,12
354,22_E357,2022,Wednesday,17-Aug-22,17AUG22_F02,17AUG22_F02_P3,451,305,29919.76,no,no,1,12,15
355,22_E358,2022,Wednesday,17-Aug-22,17AUG22_F03,17AUG22_F03_P1,451,310,28453.29,no,no,1,5,9
356,22_E359,2022,Wednesday,17-Aug-22,17AUG22_F03,17AUG22_F03_P1,451,430,29030.66,no,no,1,6,12
357,22_E360,2022,Wednesday,17-Aug-22,17AUG22_F03,17AUG22_F03_P2,451,18,23685.42,no,no,1,5,12
358,22_E361,2022,Wednesday,17-Aug-22,17AUG22_F03,17AUG22_F03_P2,451,119,24564.7,no,no,1,5,9
359,22_E362,2022,Wednesday,17-Aug-22,17AUG22_F03,17AUG22_F03_P2,451,209,28707.29,no,no,1,4,6
360,22_E363,2022,Wednesday,17-Aug-22,17AUG22_F03,17AUG22_F03_P2,451,348,30299.71,no,no,1,5,6
361,22_E364,2022,Wednesday,17-Aug-22,17AUG22_F03,17AUG22_F03_P2,451,447,29275.27,no,no,1,4,6
362,22_E365,2022,Wednesday,17-Aug-22,17AUG22_F03,17AUG22_F03_P3,451,101,27322.46,no,no,1,4,6
363,22_E366,2022,Wednesday,17-Aug-22,17AUG22_F03,17AUG22_F03_P3,451,158,25386.34,no,no,1,4,7
364,22_E367,2022,Wednesday,17-Aug-22,17AUG22_F03,17AUG22_F03_P3,451,241,22789.29,no,no,1,5,9
365,22_E368,2022,Wednesday,17-Aug-22,17AUG22_F03,17AUG22_F03_P3,451,425,23923.58,no,no,1,5,12
366,22_E369,2022,Wednesday,17-Aug-22,17AUG22_F03,17AUG22_F03_P4,32,2,28616.17,no,no,1,5,6
367,22_E370,2022,Wednesday,17-Aug-22,17AUG22_F04,17AUG22_F04_P1,451,19,29356.48,no,yes,1,3,6
368,22_E371,2022,Wednesday,17-Aug-22,17AUG22_F04,17AUG22_F04_P1,451,428,37904.36,no,no,1,3,6
369,22_E372,2022,Wednesday,17-Aug-22,17AUG22_F04,17AUG22_F04_P2,451,59,33655.76,no,no,1,3,6
370,22_E373,2022,Wednesday,17-Aug-22,17AUG22_F04,17AUG22_F04_P2,451,243,31639.36,no,no,1,8,9
371,22_E374,2022,Wednesday,17-Aug-22,17AUG22_F04,17AUG22_F04_P2,451,340,46396.12,no,no,1,5,12
372,22_E375,2022,Wednesday,17-Aug-22,17AUG22_F04,17AUG22_F04_P2,451,432,39332.35,yes,no,1,8,6
373,22_E376,2022,Wednesday,17-Aug-22,17AUG22_F04,17AUG22_F04_P3,451,149,152639.77,yes,no,1,9,6
374,22_E377,2022,Wednesday,17-Aug-22,17AUG22_F05,17AUG22_F05_P2,451,41,67782.17,no,no,2,4,3
375,22_E378,2022,Wednesday,17-Aug-22,17AUG22_F05,17AUG22_F05_P2,451,146,79216.5,no,no,2,4,9
376,22_E379,2022,Wednesday,17-Aug-22,17AUG22_F05,17AUG22_F05_P2,451,225,47040.24,no,no,2,4,12
377,22_E380,2022,Wednesday,17-Aug-22,17AUG22_F05,17AUG22_F05_P3,451,241,22878.24,no,no,1,1,3
378,22_E381,2022,Wednesday,17-Aug-22,17AUG22_F05,17AUG22_F05_P3,451,334,60993.37,no,no,1,1,3
379,22_E382,2022,Wednesday,17-Aug-22,17AUG22_F05,17AUG22_F05_P4,451,401,61629.48,no,no,1,3,3
380,22_E383,2022,Wednesday,17-Aug-22,17AUG22_F06,17AUG22_F06_P1,451,108,34071.08,no,no,1,1,3
381,22_E384,2022,Wednesday,17-Aug-22,17AUG22_F06,17AUG22_F06_P3,451,134,34871,no,no,1,1,0